,Eid,Ename,Cid
0,6012.0,PSL,SP01
1,6019.0,national t20,SP01
2,6039.0,FIFA World Cup,SP02 
3,6040.0,World Cup,SP03
4,6041.0,royal rumble,SP0122
5,6042.0,NXT,SP0122
6,6043.0,TLB,SP0122
7,6041.0,IeTF_2021,SP0190
8,6042.0,GTcu_2021,SP0123
9,6043.0,GRIZ_2021,SP0124
10,6044.0,8hIQ_2021,SP0125
11,6045.0,2tvn_2021,SP0126
12,6046.0,L9th_2021,SP0127
13,6047.0,x4hE_2021,SP0128
14,6048.0,XLKR_2021,SP0129
15,6049.0,szsK_2021,SP0130
16,6050.0,cCLs_2021,SP0131
17,6051.0,Exst_2021,SP0132
18,6052.0,6DC6_2021,SP0133
19,6053.0,aST0_2021,SP0134
20,6054.0,u7m2_2021,SP0135
21,6055.0,eZ8i_2021,SP0136
22,6056.0,PbR8_2021,SP0137
23,6057.0,qGm9_2021,SP0138
24,6058.0,FD1r_2021,SP0139
25,6059.0,RwP4_2021,SP0140
26,6060.0,fMG1_2021,SP0141
27,6061.0,GDnf_2021,SP0142
28,6062.0,J1TF_2021,SP0143
29,6063.0,LGfB_2021,SP0144
30,6064.0,MAzt_2021,SP0145
31,6065.0,0ZRL_2021,SP0146
32,6066.0,6aQt_2021,SP0147
33,6067.0,wBh0_2021,SP0148
34,6068.0,ZVSl_2021,SP0149
35,6069.0,HVDi_2021,SP0150
36,6070.0,lc7E_2021,SP0151
37,6071.0,cC56_2021,SP0152
38,6072.0,Q4Tn_2021,SP0153
39,6073.0,qKos_2021,SP0154
40,6074.0,aM1t_2021,SP0155
41,6075.0,A1ti_2021,SP0156
42,6076.0,T2xx_2021,SP0157
43,6077.0,SXSp_2021,SP0158
44,6078.0,MY2O_2021,SP0159
45,6079.0,owNW_2021,SP0160
46,6080.0,WeOz_2021,SP0161
47,6081.0,ud6V_2021,SP0162
48,6082.0,eb7u_2021,SP0163
49,6083.0,XvV7_2021,SP0164
50,6084.0,wAcR_2021,SP0165
51,6085.0,qrkc_2021,SP0166
52,6086.0,9hgq_2021,SP0167
53,6087.0,vI75_2021,SP0168
54,6088.0,05UY_2021,SP0169
55,6089.0,ak4p_2021,SP0170
56,6090.0,KlDc_2021,SP0171
57,6091.0,ZrHa_2021,SP0172
58,6092.0,Zqb1_2021,SP0173
59,6093.0,2dEP_2021,SP0174
60,6094.0,nGRs_2021,SP0175
61,6095.0,PWQn_2021,SP0176
62,6096.0,9eTk_2021,SP0177
63,6097.0,h1oV_2021,SP0178
64,6098.0,aB9k_2021,SP0179
65,6099.0,XIZn_2021,SP0180
66,6100.0,0Gjx_2021,SP0181
67,6101.0,YQp9_2021,SP0182
68,6102.0,VxLM_2021,SP0183
69,6103.0,fd6Y_2021,SP0184
70,6104.0,K32Q_2021,SP0185
71,6105.0,VND9_2021,SP0186
72,6106.0,BNA1_2021,SP0187
73,6107.0,HP7D_2021,SP0188
74,6108.0,NlYK_2021,SP0189
75,6109.0,zAiA_2021,SP0190
76,6110.0,cBo1_2021,SP0191
77,6111.0,pLOi_2021,SP0192
78,6112.0,5zZh_2021,SP0193
79,6113.0,M1uh_2021,SP0194
80,6114.0,1mrT_2021,SP0195
81,6115.0,XKVi_2021,SP0196
82,6116.0,bBgc_2021,SP0197
83,6117.0,piSC_2021,SP0198
84,6118.0,vAne_2021,SP0199
85,6119.0,2TBK_2021,SP0200
86,6120.0,Lpzs_2021,SP0201
87,6121.0,e4yu_2021,SP0202
88,6122.0,xBSV_2021,SP0203
89,6123.0,sH7W_2021,SP0204
90,6124.0,yM9N_2021,SP0205
91,6125.0,QvYZ_2021,SP0206
92,6126.0,AVhW_2021,SP0207
93,6127.0,NUY8_2021,SP0208
94,6128.0,Kk6X_2021,SP0209
95,6129.0,knWj_2021,SP0210
96,6130.0,awjf_2021,SP0211
97,6131.0,IOXq_2021,SP0212
98,6132.0,trOT_2021,SP0213
99,6133.0,7EZE_2021,SP0214
100,6134.0,To0K_2021,SP0215
101,6135.0,CTVm_2021,SP0216
102,6136.0,SxSK_2021,SP0217
103,6137.0,gL9A_2021,SP0218
104,6138.0,0V57_2021,SP0219
105,6139.0,yZI3_2021,SP0220
106,6140.0,7zfP_2021,SP0221
107,6141.0,iHE3_2021,SP0222
108,6142.0,ea7S_2021,SP0223
109,6143.0,F3Hk_2021,SP0224
110,6144.0,fQM2_2021,SP0225
111,6145.0,cOFz_2021,SP0226
112,6146.0,aIGZ_2021,SP0227
113,6147.0,oEEq_2021,SP0228
114,6148.0,AxWi_2021,SP0229
115,6149.0,t7ce_2021,SP0230
116,6150.0,p3d0_2021,SP0231
117,6151.0,tNiy_2021,SP0232
118,6152.0,Tly2_2021,SP0233
119,6153.0,GAcf_2021,SP0234
120,6154.0,BQab_2021,SP0235
121,6155.0,UdDs_2021,SP0236
122,6156.0,qxQ4_2021,SP0237
123,6157.0,CvmI_2021,SP0238
124,6158.0,519J_2021,SP0239
125,6159.0,l1NN_2021,SP0240
126,6160.0,RtLl_2021,SP0241
127,6161.0,6C8R_2021,SP0242
128,6162.0,8oXO_2021,SP0243
129,6163.0,Dfbi_2021,SP0244
130,6164.0,tpRX_2021,SP0245
131,6165.0,QAiS_2021,SP0246
132,6166.0,jvfO_2021,SP0247
133,6167.0,9q7W_2021,SP0248
134,6168.0,HAHZ_2021,SP0249
135,6169.0,2DWY_2021,SP0250
136,6170.0,vLNI_2021,SP0251
137,6171.0,9lrZ_2021,SP0252
138,6172.0,aVDJ_2021,SP0253
139,6173.0,aJ3P_2021,SP0254
140,6174.0,dxz3_2021,SP0255
141,6175.0,8uzv_2021,SP0256
142,6176.0,TKjE_2021,SP0257
143,6177.0,nJ4L_2021,SP0258
144,6178.0,HZCW_2021,SP0259
145,6179.0,y4sY_2021,SP0260
146,6180.0,860p_2021,SP0261
147,6181.0,4R7K_2021,SP08
148,6182.0,Q22e_2021,SP08
149,6183.0,nDWy_2021,SP089
150,6184.0,tdRm_2021,SP090
151,6185.0,hHfE_2021,SP091
152,6186.0,LmZ8_2021,SP092
153,6187.0,SeGu_2021,SP093
154,6188.0,WBh6_2021,SP094
155,6189.0,GoKw_2021,SP095
156,6190.0,IA8U_2021,SP096
157,6191.0,jS1y_2021,SP097
158,6192.0,AbBF_2021,SP098
159,6193.0,WgJw_2021,SP099
160,6194.0,FLRD_2021,SP100
161,6195.0,Rwfv_2021,SP101
162,6196.0,cz4r_2021,SP102
163,6197.0,8JuK_2021,SP103
164,6198.0,zMgn_2021,SP104
165,6199.0,ykO8_2021,SP105
166,6200.0,neSL_2021,SP106
167,6201.0,9c94_2021,SP107
168,6202.0,s01J_2021,SP108
169,6203.0,nhPh_2021,SP109
170,6204.0,mZwN_2021,SP110
171,6205.0,K1zj_2021,SP111
172,6206.0,6uWI_2021,SP112
173,6207.0,ieZA_2021,SP113
174,6208.0,sPOP_2021,SP114
175,6209.0,g3E8_2021,SP115
176,6210.0,LU10_2021,SP116
177,6211.0,TuK5_2021,SP117
178,6212.0,D2zf_2021,SP118
179,6213.0,v87v_2021,SP119
180,6214.0,qwo8_2021,SP120
181,6215.0,9pjx_2021,SP121
182,6216.0,R3Zf_2021,SP122
183,6217.0,Mksa_2021,SP123
184,6218.0,LAll_2021,SP124
185,6219.0,05kY_2021,SP125
186,6220.0,nUSB_2021,SP126
187,6221.0,Czsk_2021,SP127
188,6222.0,gxMV_2021,SP128
189,6223.0,pTBF_2021,SP129
190,6224.0,sIbd_2021,SP130
191,6225.0,ToGR_2021,SP131
192,6226.0,5WAm_2021,SP132
193,6227.0,KOJc_2021,SP133
194,6228.0,NCa6_2021,SP134
195,6229.0,SsfM_2021,SP135
196,6230.0,4mnO_2021,SP136
197,6231.0,Imwq_2021,SP137
198,6232.0,XIwK_2021,SP138
199,6233.0,xS9l_2021,SP139
200,6234.0,cULY_2021,SP140
201,6235.0,Zd0L_2021,SP141
202,6236.0,RmKi_2021,SP142
203,6237.0,wEXB_2021,SP143
204,6238.0,PmIZ_2021,SP144
205,6239.0,TiPN_2021,SP145
206,6240.0,1HiE_2021,SP146
207,6241.0,VPR6_2021,SP147
208,6242.0,fUFg_2021,SP148
209,6243.0,F4F9_2021,SP149
210,6244.0,Wfh8_2021,SP150
211,6245.0,A8IY_2021,SP151
212,6246.0,sPHD_2021,SP152
213,6247.0,VJbp_2021,SP153
214,6248.0,S0Pc_2021,SP154
215,6249.0,IfMc_2021,SP155
216,6250.0,Xcah_2021,SP156
217,6251.0,AhDJ_2021,SP157
218,6252.0,0b0c_2021,SP158
219,6253.0,wn0i_2021,SP159
220,6254.0,I0rf_2021,SP160
221,6255.0,tsKO_2021,SP161
222,6256.0,p86G_2021,SP162
223,6257.0,4AO5_2021,SP163
224,6258.0,eDGI_2021,SP164
225,6259.0,M2Hg_2021,SP165
226,6260.0,2Scz_2021,SP166
227,6261.0,lHZN_2021,SP167
228,6262.0,mc3t_2021,SP168
229,6263.0,03fe_2021,SP169
230,6264.0,THSU_2021,SP170
231,6265.0,EifY_2021,SP171
232,6266.0,eZGa_2021,SP172
233,6267.0,eQKB_2021,SP173
234,6268.0,qO9I_2021,SP174
235,6269.0,2kCx_2021,SP175
236,6270.0,1gjC_2021,SP176
237,6271.0,mlKX_2021,SP177
238,6272.0,XhNL_2021,SP178
239,6273.0,3GLE_2021,SP179
240,6274.0,fFwZ_2021,SP180
241,6275.0,ahTm_2021,SP181
242,6276.0,KPso_2021,SP182
243,6277.0,gXX9_2021,SP183
244,6278.0,kcOn_2021,SP184
245,6279.0,pKsN_2021,SP185
246,6280.0,22Ot_2021,SP186
247,6281.0,pllu_2021,SP187
248,6282.0,jdAr_2021,SP188
249,6283.0,2KJ9_2021,SP189
250,6284.0,vHvS_2021,SP190
251,6285.0,sPRz_2021,SP191
252,6286.0,JZfn_2021,SP192
253,6287.0,FaZ8_2021,SP193
254,6288.0,9fW6_2021,SP194
255,6289.0,jqfk_2021,SP195
256,6290.0,jsNv_2021,SP196
257,6291.0,Sdgv_2021,SP197
258,6292.0,pQfD_2021,SP198
259,6293.0,4YyV_2021,SP199
260,6294.0,LpTP_2021,SP200
261,6295.0,iFSB_2021,SP201
262,6296.0,khxq_2021,SP202
263,6297.0,esxU_2021,SP203
264,6298.0,CkXI_2021,SP204
265,6299.0,tyxl_2021,SP205
266,6300.0,kFVz_2021,SP206
267,6301.0,c9wf_2021,SP207
268,6302.0,j3QM_2021,SP208
269,6303.0,XGJw_2021,SP209
270,6304.0,nf0X_2021,SP210
271,6305.0,BcbJ_2021,SP211
272,6306.0,Kggu_2021,SP212
273,6307.0,CRcK_2021,SP213
274,6308.0,EPT3_2021,SP214
275,6309.0,6IIi_2021,SP215
276,6310.0,9a0b_2021,SP216
277,6311.0,Cwxa_2021,SP217
278,6312.0,nTi0_2021,SP218
279,6313.0,CHps_2021,SP219
280,6314.0,3k8l_2021,SP220
281,6315.0,seGJ_2021,SP221
282,6316.0,IcYm_2021,SP222
283,6317.0,C86n_2021,SP223
284,6318.0,VGma_2021,SP224
285,6319.0,fD9B_2021,SP225
286,6320.0,tMDo_2021,SP226
287,6321.0,Vyqj_2021,SP227
288,6322.0,h31y_2021,SP228
289,6323.0,2gAE_2021,SP229
290,6324.0,ROr2_2021,SP230
291,6325.0,iX3F_2021,SP231
292,6326.0,U0Iv_2021,SP232
293,6327.0,1eVc_2021,SP233
294,6328.0,j7UE_2021,SP234
295,6329.0,kt72_2021,SP235
296,6330.0,BA2M_2021,SP236
297,6331.0,aMTg_2021,SP237
298,6332.0,Risl_2021,SP238
299,6333.0,JrZm_2021,SP239
300,6334.0,EVSB_2021,SP240
301,6335.0,4JNm_2021,SP241
302,6336.0,QoWQ_2021,SP242
303,6337.0,4FG2_2021,SP243
304,6338.0,O1El_2021,SP244
305,6339.0,t4ct_2021,SP245
306,6340.0,CuTv_2021,SP246
307,6341.0,a5EL_2021,SP247
308,6342.0,kUg5_2021,SP248
309,6343.0,YjdO_2021,SP249
310,6344.0,Roch_2021,SP250
311,6345.0,6haL_2021,SP251
312,6346.0,LOYU_2021,SP252
313,6347.0,Edhm_2021,SP253
314,6348.0,YWU3_2021,SP254
315,6349.0,we0n_2021,SP255
316,6350.0,kQBy_2021,SP256
317,6351.0,5Z0o_2021,SP257
318,6352.0,oSAD_2021,SP258
319,6353.0,UAT4_2021,SP259
320,6354.0,2lY5_2021,SP260
321,6355.0,NY1w_2021,SP261
322,6356.0,2sD1_2021,SP262
323,6357.0,a9tT_2021,SP263
324,6358.0,tH7s_2021,SP264
325,6359.0,EUhp_2021,SP265
326,6360.0,zx04_2021,SP266
327,6361.0,61cc_2021,SP267
328,6362.0,cQdF_2021,SP268
329,6363.0,tpS9_2021,SP269
330,6364.0,JOG0_2021,SP270
331,6365.0,dqge_2021,SP271
332,6366.0,3Yha_2021,SP272
333,6367.0,xtpV_2021,SP273
334,6368.0,mnxB_2021,SP274
335,6369.0,FmDM_2021,SP275
336,6370.0,k6Jw_2021,SP276
337,6371.0,j3bZ_2021,SP277
338,6372.0,25rJ_2021,SP278
339,6373.0,WjtK_2021,SP279
340,6374.0,MuM4_2021,SP280
341,6375.0,YVRi_2021,SP281
342,6376.0,kfnQ_2021,SP282
343,6377.0,VWHv_2021,SP283
344,6378.0,bjnq_2021,SP284
345,6379.0,3nR3_2021,SP285
346,6380.0,Fhbj_2021,SP286
347,6381.0,dscG_2021,SP287
348,6382.0,w74j_2021,SP288
349,6383.0,Lf0k_2021,SP289
350,6384.0,8DvN_2021,SP290
351,6385.0,kMfM_2021,SP291
352,6386.0,tWcO_2021,SP292
353,6387.0,TXsy_2021,SP293
354,6388.0,eT86_2021,SP294
355,6389.0,RoAh_2021,SP295
356,6390.0,Ddwh_2021,SP296
357,6391.0,l816_2021,SP012
358,6392.0,U4mB_2021,SP013
359,6393.0,48cp_2021,SP014
360,6394.0,wgDf_2021,SP015
361,6395.0,oawt_2021,SP016
362,6396.0,1BZ5_2021,SP017
363,6397.0,ZsZp_2021,SP018
364,6398.0,w2UB_2021,SP019
365,6399.0,W2Lq_2021,SP020
366,6400.0,bb1T_2021,SP021
367,6401.0,a5bY_2021,SP022
368,6402.0,FtIY_2021,SP023
369,6403.0,AfNj_2021,SP024
370,6404.0,e15v_2021,SP025
371,6405.0,oopI_2021,SP026
372,6406.0,RL5U_2021,SP027
373,6407.0,KhEe_2021,SP028
374,6408.0,D51m_2021,SP029
375,6409.0,BAK0_2021,SP030
376,6410.0,XOW1_2021,SP031
377,6411.0,UlaY_2021,SP032
378,6412.0,Tm6p_2021,SP033
379,6413.0,TssM_2021,SP034
380,6414.0,CWbA_2021,SP035
381,6415.0,sMFG_2021,SP036
382,6416.0,iXAo_2021,SP037
383,6417.0,Jtl3_2021,SP038
384,6418.0,661E_2021,SP039
385,6419.0,Pw2K_2021,SP040
386,6420.0,k1ZF_2021,SP041
387,6421.0,iWcT_2021,SP042
388,6422.0,Wgx6_2021,SP043
389,6423.0,yfrm_2021,SP044
390,6424.0,XHvx_2021,SP045
391,6425.0,6V6s_2021,SP046
392,6426.0,41Sf_2021,SP047
393,6427.0,0XyW_2021,SP048
394,6428.0,INg3_2021,SP049
395,6429.0,E6dA_2021,SP050
396,6430.0,CK2A_2021,SP051
397,6431.0,TwWp_2021,SP052
398,6432.0,YzTk_2021,SP053
399,6433.0,FKxm_2021,SP054
400,6434.0,0O7m_2021,SP055
401,6435.0,MTIL_2021,SP056
402,6436.0,NMPK_2021,SP057
403,6437.0,uMFZ_2021,SP058
404,6438.0,oNaZ_2021,SP059
405,6439.0,vOiK_2021,SP060
406,6440.0,pn2T_2021,SP061
407,6441.0,Uukb_2021,SP062
408,6442.0,VwX5_2021,SP063
409,6443.0,Aruz_2021,SP064
410,6444.0,Pkx8_2021,SP065
411,6445.0,RKmT_2021,SP066
412,6446.0,jiwP_2021,SP067
413,6447.0,P9Mo_2021,SP068
414,6448.0,0uSd_2021,SP069
415,6449.0,MB5a_2021,SP070
416,6450.0,FPCn_2021,SP071
417,6451.0,1U6m_2021,SP072
418,6452.0,D6cM_2021,SP073
419,6453.0,QtHL_2021,SP074
420,6454.0,l0W0_2021,SP075
421,6455.0,PUIK_2021,SP076
422,6456.0,xZ7J_2021,SP077
423,6457.0,Tanc_2021,SP078
424,6458.0,qu2C_2021,SP079
425,6459.0,T0NA_2021,SP080
426,6460.0,lqfu_2021,SP081
427,6461.0,h2bT_2021,SP082
428,6462.0,cVNC_2021,SP083
429,6463.0,xDIt_2021,SP084
430,6464.0,2iM5_2021,SP085
431,6465.0,D9Dy_2021,SP086
432,6466.0,y4cO_2021,SP087
433,6467.0,7cFl_2021,SP088
434,6468.0,n7Lp_2021,SP089
435,6469.0,w9iY_2021,SP090
436,6470.0,efie_2021,SP091
437,6471.0,v6Ny_2021,SP092
438,6472.0,FTNM_2021,SP093
439,6473.0,eTHw_2021,SP094
440,6474.0,hl9I_2021,SP095
441,6475.0,HNSi_2021,SP096
442,6476.0,Wx2z_2021,SP097
443,6477.0,tOZr_2021,SP098
444,6478.0,Wut6_2021,SP099
445,6479.0,YVf0_2021,SP100
446,6480.0,YN1i_2021,SP101
447,6481.0,VoQo_2021,SP102
448,6482.0,nOs3_2021,SP103
449,6483.0,ixLU_2021,SP104
450,6484.0,kAHv_2021,SP105
451,6485.0,pGkn_2021,SP106
452,6486.0,uopR_2021,SP107
453,6487.0,gkky_2021,SP108
454,6488.0,uweu_2021,SP109
455,6489.0,Sb1y_2021,SP110
456,6490.0,4Rz5_2021,SP111
457,6491.0,zItu_2021,SP112
458,6492.0,kg65_2021,SP113
459,6493.0,oGis_2021,SP114
460,6494.0,y73T_2021,SP115
461,6495.0,aDAx_2021,SP116
462,6496.0,Iav3_2021,SP117
463,6497.0,ES1m_2021,SP118
464,6498.0,t93m_2021,SP119
465,6499.0,EQjO_2021,SP120
466,6500.0,Pvu1_2021,SP121
467,6501.0,vWFo_2021,SP122
468,6502.0,4sKo_2021,SP123
469,6503.0,0RNz_2021,SP124
470,6504.0,c92l_2021,SP125
471,6505.0,MviC_2021,SP126
472,6506.0,CMxS_2021,SP127
473,6507.0,opnw_2021,SP128
474,6508.0,iIyD_2021,SP129
475,6509.0,VznQ_2021,SP130
476,6510.0,XUeM_2021,SP131
477,6511.0,vt0B_2021,SP132
478,6512.0,Dp3c_2021,SP133
479,6513.0,6o9S_2021,SP134
480,6514.0,aJdB_2021,SP135
481,6515.0,eSyg_2021,SP136
482,6516.0,xBqx_2021,SP137
483,6517.0,6JKk_2021,SP138
484,6518.0,vdlk_2021,SP139
485,6519.0,p4t3_2021,SP140
486,6520.0,fKXk_2021,SP141
487,6521.0,CLmP_2021,SP142
488,6522.0,LkDN_2021,SP143
489,6523.0,UKIQ_2021,SP144
490,6524.0,TmY5_2021,SP145
491,6525.0,UJmm_2021,SP146
492,6526.0,yaIC_2021,SP147
493,6527.0,g8SE_2021,SP148
494,6528.0,Id3J_2021,SP149
495,6529.0,DYNI_2021,SP150
496,6530.0,7XyV_2021,SP151
497,6531.0,yHsn_2021,SP152
498,6532.0,HcHJ_2021,SP153
499,6533.0,hteP_2021,SP154
500,6534.0,GuTS_2021,SP155
501,6535.0,QVJU_2021,SP156
502,6536.0,uyn3_2021,SP157
503,6537.0,I1y5_2021,SP158
504,6538.0,2Sb5_2021,SP159
505,6539.0,PM8w_2021,SP160
506,6540.0,5wX3_2021,SP161
507,6541.0,k0hx_2021,SP162
508,6542.0,M94U_2021,SP163
509,6543.0,o1AL_2021,SP164
510,6544.0,HPTt_2021,SP165
511,6545.0,evJC_2021,SP166
512,6546.0,FSKy_2021,SP167
513,6547.0,fNts_2021,SP168
514,6548.0,3qJP_2021,SP169
515,6549.0,P91J_2021,SP170
516,6550.0,ClD6_2021,SP171
517,6551.0,OulR_2021,SP172
518,6552.0,TGP6_2021,SP173
519,6553.0,wiIi_2021,SP174
520,6554.0,tFRo_2021,SP175
521,6555.0,5xOt_2021,SP176
522,6556.0,6IXW_2021,SP177
523,6557.0,wRP8_2021,SP178
524,6558.0,DYSK_2021,SP179
525,6559.0,z1yS_2021,SP180
526,6560.0,ywaC_2021,SP181
527,6561.0,zG2S_2021,SP182
528,6562.0,8J32_2021,SP183
529,6563.0,KRpq_2021,SP184
530,6564.0,BYhG_2021,SP185
531,6565.0,OfS3_2021,SP186
532,6566.0,8QWF_2021,SP187
533,6567.0,mQiL_2021,SP188
534,6568.0,uUKU_2021,SP189
535,6569.0,ldUE_2021,SP190
536,6570.0,1UFp_2021,SP191
537,6571.0,akee_2021,SP192
538,6572.0,bdNc_2021,SP193
539,6573.0,X13g_2021,SP194
540,6574.0,3XM2_2021,SP195
541,6575.0,ebBw_2021,SP196
542,6576.0,Uivv_2021,SP197
543,6577.0,Bii1_2021,SP198
544,6578.0,MIPo_2021,SP199
545,6579.0,kgzH_2021,SP200
546,6580.0,ib6t_2021,SP201
547,6581.0,quGp_2021,SP202
548,6582.0,BqEI_2021,SP203
549,6583.0,kl1w_2021,SP204
550,6584.0,Y61z_2021,SP205
551,6585.0,y2w0_2021,SP206
552,6586.0,7C6n_2021,SP207
553,6587.0,RSC8_2021,SP208
554,6588.0,QhII_2021,SP209
555,6589.0,7DXd_2021,SP210
556,6590.0,yXoM_2021,SP211
557,6591.0,KnTn_2021,SP212
558,6592.0,PiiH_2021,SP213
559,6593.0,dST6_2021,SP214
560,6594.0,lDP8_2021,SP215
561,6595.0,uRnb_2021,SP216
562,6596.0,I5YS_2021,SP217
563,6597.0,0dI4_2021,SP218
564,6598.0,yizr_2021,SP219
565,6599.0,P926_2021,SP220
566,6600.0,Q87Y_2021,SP221
567,6601.0,E0wK_2021,SP222
568,6602.0,sgIl_2021,SP223
569,6603.0,dGnC_2021,SP224
570,6604.0,k5yH_2021,SP225
