Eid,Ename,Cid
6012,PSL,SP01
6019,national t20,SP01
6039,FIFA World Cup,SP02 
6040,World Cup,SP03
6041,royal rumble,SP0122
6042,NXT,SP0122
6043,TLB,SP0122
6041,IeTF_2021,SP0190
6042,GTcu_2021,SP0123
6043,GRIZ_2021,SP0124
6044,8hIQ_2021,SP0125
6045,2tvn_2021,SP0126
6046,L9th_2021,SP0127
6047,x4hE_2021,SP0128
6048,XLKR_2021,SP0129
6049,szsK_2021,SP0130
6050,cCLs_2021,SP0131
6051,Exst_2021,SP0132
6052,6DC6_2021,SP0133
6053,aST0_2021,SP0134
6054,u7m2_2021,SP0135
6055,eZ8i_2021,SP0136
6056,PbR8_2021,SP0137
6057,qGm9_2021,SP0138
6058,FD1r_2021,SP0139
6059,RwP4_2021,SP0140
6060,fMG1_2021,SP0141
6061,GDnf_2021,SP0142
6062,J1TF_2021,SP0143
6063,LGfB_2021,SP0144
6064,MAzt_2021,SP0145
6065,0ZRL_2021,SP0146
6066,6aQt_2021,SP0147
6067,wBh0_2021,SP0148
6068,ZVSl_2021,SP0149
6069,HVDi_2021,SP0150
6070,lc7E_2021,SP0151
6071,cC56_2021,SP0152
6072,Q4Tn_2021,SP0153
6073,qKos_2021,SP0154
6074,aM1t_2021,SP0155
6075,A1ti_2021,SP0156
6076,T2xx_2021,SP0157
6077,SXSp_2021,SP0158
6078,MY2O_2021,SP0159
6079,owNW_2021,SP0160
6080,WeOz_2021,SP0161
6081,ud6V_2021,SP0162
6082,eb7u_2021,SP0163
6083,XvV7_2021,SP0164
6084,wAcR_2021,SP0165
6085,qrkc_2021,SP0166
6086,9hgq_2021,SP0167
6087,vI75_2021,SP0168
6088,05UY_2021,SP0169
6089,ak4p_2021,SP0170
6090,KlDc_2021,SP0171
6091,ZrHa_2021,SP0172
6092,Zqb1_2021,SP0173
6093,2dEP_2021,SP0174
6094,nGRs_2021,SP0175
6095,PWQn_2021,SP0176
6096,9eTk_2021,SP0177
6097,h1oV_2021,SP0178
6098,aB9k_2021,SP0179
6099,XIZn_2021,SP0180
6100,0Gjx_2021,SP0181
6101,YQp9_2021,SP0182
6102,VxLM_2021,SP0183
6103,fd6Y_2021,SP0184
6104,K32Q_2021,SP0185
6105,VND9_2021,SP0186
6106,BNA1_2021,SP0187
6107,HP7D_2021,SP0188
6108,NlYK_2021,SP0189
6109,zAiA_2021,SP0190
6110,cBo1_2021,SP0191
6111,pLOi_2021,SP0192
6112,5zZh_2021,SP0193
6113,M1uh_2021,SP0194
6114,1mrT_2021,SP0195
6115,XKVi_2021,SP0196
6116,bBgc_2021,SP0197
6117,piSC_2021,SP0198
6118,vAne_2021,SP0199
6119,2TBK_2021,SP0200
6120,Lpzs_2021,SP0201
6121,e4yu_2021,SP0202
6122,xBSV_2021,SP0203
6123,sH7W_2021,SP0204
6124,yM9N_2021,SP0205
6125,QvYZ_2021,SP0206
6126,AVhW_2021,SP0207
6127,NUY8_2021,SP0208
6128,Kk6X_2021,SP0209
6129,knWj_2021,SP0210
6130,awjf_2021,SP0211
6131,IOXq_2021,SP0212
6132,trOT_2021,SP0213
6133,7EZE_2021,SP0214
6134,To0K_2021,SP0215
6135,CTVm_2021,SP0216
6136,SxSK_2021,SP0217
6137,gL9A_2021,SP0218
6138,0V57_2021,SP0219
6139,yZI3_2021,SP0220
6140,7zfP_2021,SP0221
6141,iHE3_2021,SP0222
6142,ea7S_2021,SP0223
6143,F3Hk_2021,SP0224
6144,fQM2_2021,SP0225
6145,cOFz_2021,SP0226
6146,aIGZ_2021,SP0227
6147,oEEq_2021,SP0228
6148,AxWi_2021,SP0229
6149,t7ce_2021,SP0230
6150,p3d0_2021,SP0231
6151,tNiy_2021,SP0232
6152,Tly2_2021,SP0233
6153,GAcf_2021,SP0234
6154,BQab_2021,SP0235
6155,UdDs_2021,SP0236
6156,qxQ4_2021,SP0237
6157,CvmI_2021,SP0238
6158,519J_2021,SP0239
6159,l1NN_2021,SP0240
6160,RtLl_2021,SP0241
6161,6C8R_2021,SP0242
6162,8oXO_2021,SP0243
6163,Dfbi_2021,SP0244
6164,tpRX_2021,SP0245
6165,QAiS_2021,SP0246
6166,jvfO_2021,SP0247
6167,9q7W_2021,SP0248
6168,HAHZ_2021,SP0249
6169,2DWY_2021,SP0250
6170,vLNI_2021,SP0251
6171,9lrZ_2021,SP0252
6172,aVDJ_2021,SP0253
6173,aJ3P_2021,SP0254
6174,dxz3_2021,SP0255
6175,8uzv_2021,SP0256
6176,TKjE_2021,SP0257
6177,nJ4L_2021,SP0258
6178,HZCW_2021,SP0259
6179,y4sY_2021,SP0260
6180,860p_2021,SP0261
6181,4R7K_2021,SP08
6182,Q22e_2021,SP08
6183,nDWy_2021,SP089
6184,tdRm_2021,SP090
6185,hHfE_2021,SP091
6186,LmZ8_2021,SP092
6187,SeGu_2021,SP093
6188,WBh6_2021,SP094
6189,GoKw_2021,SP095
6190,IA8U_2021,SP096
6191,jS1y_2021,SP097
6192,AbBF_2021,SP098
6193,WgJw_2021,SP099
6194,FLRD_2021,SP100
6195,Rwfv_2021,SP101
6196,cz4r_2021,SP102
6197,8JuK_2021,SP103
6198,zMgn_2021,SP104
6199,ykO8_2021,SP105
6200,neSL_2021,SP106
6201,9c94_2021,SP107
6202,s01J_2021,SP108
6203,nhPh_2021,SP109
6204,mZwN_2021,SP110
6205,K1zj_2021,SP111
6206,6uWI_2021,SP112
6207,ieZA_2021,SP113
6208,sPOP_2021,SP114
6209,g3E8_2021,SP115
6210,LU10_2021,SP116
6211,TuK5_2021,SP117
6212,D2zf_2021,SP118
6213,v87v_2021,SP119
6214,qwo8_2021,SP120
6215,9pjx_2021,SP121
6216,R3Zf_2021,SP122
6217,Mksa_2021,SP123
6218,LAll_2021,SP124
6219,05kY_2021,SP125
6220,nUSB_2021,SP126
6221,Czsk_2021,SP127
6222,gxMV_2021,SP128
6223,pTBF_2021,SP129
6224,sIbd_2021,SP130
6225,ToGR_2021,SP131
6226,5WAm_2021,SP132
6227,KOJc_2021,SP133
6228,NCa6_2021,SP134
6229,SsfM_2021,SP135
6230,4mnO_2021,SP136
6231,Imwq_2021,SP137
6232,XIwK_2021,SP138
6233,xS9l_2021,SP139
6234,cULY_2021,SP140
6235,Zd0L_2021,SP141
6236,RmKi_2021,SP142
6237,wEXB_2021,SP143
6238,PmIZ_2021,SP144
6239,TiPN_2021,SP145
6240,1HiE_2021,SP146
6241,VPR6_2021,SP147
6242,fUFg_2021,SP148
6243,F4F9_2021,SP149
6244,Wfh8_2021,SP150
6245,A8IY_2021,SP151
6246,sPHD_2021,SP152
6247,VJbp_2021,SP153
6248,S0Pc_2021,SP154
6249,IfMc_2021,SP155
6250,Xcah_2021,SP156
6251,AhDJ_2021,SP157
6252,0b0c_2021,SP158
6253,wn0i_2021,SP159
6254,I0rf_2021,SP160
6255,tsKO_2021,SP161
6256,p86G_2021,SP162
6257,4AO5_2021,SP163
6258,eDGI_2021,SP164
6259,M2Hg_2021,SP165
6260,2Scz_2021,SP166
6261,lHZN_2021,SP167
6262,mc3t_2021,SP168
6263,03fe_2021,SP169
6264,THSU_2021,SP170
6265,EifY_2021,SP171
6266,eZGa_2021,SP172
6267,eQKB_2021,SP173
6268,qO9I_2021,SP174
6269,2kCx_2021,SP175
6270,1gjC_2021,SP176
6271,mlKX_2021,SP177
6272,XhNL_2021,SP178
6273,3GLE_2021,SP179
6274,fFwZ_2021,SP180
6275,ahTm_2021,SP181
6276,KPso_2021,SP182
6277,gXX9_2021,SP183
6278,kcOn_2021,SP184
6279,pKsN_2021,SP185
6280,22Ot_2021,SP186
6281,pllu_2021,SP187
6282,jdAr_2021,SP188
6283,2KJ9_2021,SP189
6284,vHvS_2021,SP190
6285,sPRz_2021,SP191
6286,JZfn_2021,SP192
6287,FaZ8_2021,SP193
6288,9fW6_2021,SP194
6289,jqfk_2021,SP195
6290,jsNv_2021,SP196
6291,Sdgv_2021,SP197
6292,pQfD_2021,SP198
6293,4YyV_2021,SP199
6294,LpTP_2021,SP200
6295,iFSB_2021,SP201
6296,khxq_2021,SP202
6297,esxU_2021,SP203
6298,CkXI_2021,SP204
6299,tyxl_2021,SP205
6300,kFVz_2021,SP206
6301,c9wf_2021,SP207
6302,j3QM_2021,SP208
6303,XGJw_2021,SP209
6304,nf0X_2021,SP210
6305,BcbJ_2021,SP211
6306,Kggu_2021,SP212
6307,CRcK_2021,SP213
6308,EPT3_2021,SP214
6309,6IIi_2021,SP215
6310,9a0b_2021,SP216
6311,Cwxa_2021,SP217
6312,nTi0_2021,SP218
6313,CHps_2021,SP219
6314,3k8l_2021,SP220
6315,seGJ_2021,SP221
6316,IcYm_2021,SP222
6317,C86n_2021,SP223
6318,VGma_2021,SP224
6319,fD9B_2021,SP225
6320,tMDo_2021,SP226
6321,Vyqj_2021,SP227
6322,h31y_2021,SP228
6323,2gAE_2021,SP229
6324,ROr2_2021,SP230
6325,iX3F_2021,SP231
6326,U0Iv_2021,SP232
6327,1eVc_2021,SP233
6328,j7UE_2021,SP234
6329,kt72_2021,SP235
6330,BA2M_2021,SP236
6331,aMTg_2021,SP237
6332,Risl_2021,SP238
6333,JrZm_2021,SP239
6334,EVSB_2021,SP240
6335,4JNm_2021,SP241
6336,QoWQ_2021,SP242
6337,4FG2_2021,SP243
6338,O1El_2021,SP244
6339,t4ct_2021,SP245
6340,CuTv_2021,SP246
6341,a5EL_2021,SP247
6342,kUg5_2021,SP248
6343,YjdO_2021,SP249
6344,Roch_2021,SP250
6345,6haL_2021,SP251
6346,LOYU_2021,SP252
6347,Edhm_2021,SP253
6348,YWU3_2021,SP254
6349,we0n_2021,SP255
6350,kQBy_2021,SP256
6351,5Z0o_2021,SP257
6352,oSAD_2021,SP258
6353,UAT4_2021,SP259
6354,2lY5_2021,SP260
6355,NY1w_2021,SP261
6356,2sD1_2021,SP262
6357,a9tT_2021,SP263
6358,tH7s_2021,SP264
6359,EUhp_2021,SP265
6360,zx04_2021,SP266
6361,61cc_2021,SP267
6362,cQdF_2021,SP268
6363,tpS9_2021,SP269
6364,JOG0_2021,SP270
6365,dqge_2021,SP271
6366,3Yha_2021,SP272
6367,xtpV_2021,SP273
6368,mnxB_2021,SP274
6369,FmDM_2021,SP275
6370,k6Jw_2021,SP276
6371,j3bZ_2021,SP277
6372,25rJ_2021,SP278
6373,WjtK_2021,SP279
6374,MuM4_2021,SP280
6375,YVRi_2021,SP281
6376,kfnQ_2021,SP282
6377,VWHv_2021,SP283
6378,bjnq_2021,SP284
6379,3nR3_2021,SP285
6380,Fhbj_2021,SP286
6381,dscG_2021,SP287
6382,w74j_2021,SP288
6383,Lf0k_2021,SP289
6384,8DvN_2021,SP290
6385,kMfM_2021,SP291
6386,tWcO_2021,SP292
6387,TXsy_2021,SP293
6388,eT86_2021,SP294
6389,RoAh_2021,SP295
6390,Ddwh_2021,SP296
6391,l816_2021,SP012
6392,U4mB_2021,SP013
6393,48cp_2021,SP014
6394,wgDf_2021,SP015
6395,oawt_2021,SP016
6396,1BZ5_2021,SP017
6397,ZsZp_2021,SP018
6398,w2UB_2021,SP019
6399,W2Lq_2021,SP020
6400,bb1T_2021,SP021
6401,a5bY_2021,SP022
6402,FtIY_2021,SP023
6403,AfNj_2021,SP024
6404,e15v_2021,SP025
6405,oopI_2021,SP026
6406,RL5U_2021,SP027
6407,KhEe_2021,SP028
6408,D51m_2021,SP029
6409,BAK0_2021,SP030
6410,XOW1_2021,SP031
6411,UlaY_2021,SP032
6412,Tm6p_2021,SP033
6413,TssM_2021,SP034
6414,CWbA_2021,SP035
6415,sMFG_2021,SP036
6416,iXAo_2021,SP037
6417,Jtl3_2021,SP038
6418,661E_2021,SP039
6419,Pw2K_2021,SP040
6420,k1ZF_2021,SP041
6421,iWcT_2021,SP042
6422,Wgx6_2021,SP043
6423,yfrm_2021,SP044
6424,XHvx_2021,SP045
6425,6V6s_2021,SP046
6426,41Sf_2021,SP047
6427,0XyW_2021,SP048
6428,INg3_2021,SP049
6429,E6dA_2021,SP050
6430,CK2A_2021,SP051
6431,TwWp_2021,SP052
6432,YzTk_2021,SP053
6433,FKxm_2021,SP054
6434,0O7m_2021,SP055
6435,MTIL_2021,SP056
6436,NMPK_2021,SP057
6437,uMFZ_2021,SP058
6438,oNaZ_2021,SP059
6439,vOiK_2021,SP060
6440,pn2T_2021,SP061
6441,Uukb_2021,SP062
6442,VwX5_2021,SP063
6443,Aruz_2021,SP064
6444,Pkx8_2021,SP065
6445,RKmT_2021,SP066
6446,jiwP_2021,SP067
6447,P9Mo_2021,SP068
6448,0uSd_2021,SP069
6449,MB5a_2021,SP070
6450,FPCn_2021,SP071
6451,1U6m_2021,SP072
6452,D6cM_2021,SP073
6453,QtHL_2021,SP074
6454,l0W0_2021,SP075
6455,PUIK_2021,SP076
6456,xZ7J_2021,SP077
6457,Tanc_2021,SP078
6458,qu2C_2021,SP079
6459,T0NA_2021,SP080
6460,lqfu_2021,SP081
6461,h2bT_2021,SP082
6462,cVNC_2021,SP083
6463,xDIt_2021,SP084
6464,2iM5_2021,SP085
6465,D9Dy_2021,SP086
6466,y4cO_2021,SP087
6467,7cFl_2021,SP088
6468,n7Lp_2021,SP089
6469,w9iY_2021,SP090
6470,efie_2021,SP091
6471,v6Ny_2021,SP092
6472,FTNM_2021,SP093
6473,eTHw_2021,SP094
6474,hl9I_2021,SP095
6475,HNSi_2021,SP096
6476,Wx2z_2021,SP097
6477,tOZr_2021,SP098
6478,Wut6_2021,SP099
6479,YVf0_2021,SP100
6480,YN1i_2021,SP101
6481,VoQo_2021,SP102
6482,nOs3_2021,SP103
6483,ixLU_2021,SP104
6484,kAHv_2021,SP105
6485,pGkn_2021,SP106
6486,uopR_2021,SP107
6487,gkky_2021,SP108
6488,uweu_2021,SP109
6489,Sb1y_2021,SP110
6490,4Rz5_2021,SP111
6491,zItu_2021,SP112
6492,kg65_2021,SP113
6493,oGis_2021,SP114
6494,y73T_2021,SP115
6495,aDAx_2021,SP116
6496,Iav3_2021,SP117
6497,ES1m_2021,SP118
6498,t93m_2021,SP119
6499,EQjO_2021,SP120
6500,Pvu1_2021,SP121
6501,vWFo_2021,SP122
6502,4sKo_2021,SP123
6503,0RNz_2021,SP124
6504,c92l_2021,SP125
6505,MviC_2021,SP126
6506,CMxS_2021,SP127
6507,opnw_2021,SP128
6508,iIyD_2021,SP129
6509,VznQ_2021,SP130
6510,XUeM_2021,SP131
6511,vt0B_2021,SP132
6512,Dp3c_2021,SP133
6513,6o9S_2021,SP134
6514,aJdB_2021,SP135
6515,eSyg_2021,SP136
6516,xBqx_2021,SP137
6517,6JKk_2021,SP138
6518,vdlk_2021,SP139
6519,p4t3_2021,SP140
6520,fKXk_2021,SP141
6521,CLmP_2021,SP142
6522,LkDN_2021,SP143
6523,UKIQ_2021,SP144
6524,TmY5_2021,SP145
6525,UJmm_2021,SP146
6526,yaIC_2021,SP147
6527,g8SE_2021,SP148
6528,Id3J_2021,SP149
6529,DYNI_2021,SP150
6530,7XyV_2021,SP151
6531,yHsn_2021,SP152
6532,HcHJ_2021,SP153
6533,hteP_2021,SP154
6534,GuTS_2021,SP155
6535,QVJU_2021,SP156
6536,uyn3_2021,SP157
6537,I1y5_2021,SP158
6538,2Sb5_2021,SP159
6539,PM8w_2021,SP160
6540,5wX3_2021,SP161
6541,k0hx_2021,SP162
6542,M94U_2021,SP163
6543,o1AL_2021,SP164
6544,HPTt_2021,SP165
6545,evJC_2021,SP166
6546,FSKy_2021,SP167
6547,fNts_2021,SP168
6548,3qJP_2021,SP169
6549,P91J_2021,SP170
6550,ClD6_2021,SP171
6551,OulR_2021,SP172
6552,TGP6_2021,SP173
6553,wiIi_2021,SP174
6554,tFRo_2021,SP175
6555,5xOt_2021,SP176
6556,6IXW_2021,SP177
6557,wRP8_2021,SP178
6558,DYSK_2021,SP179
6559,z1yS_2021,SP180
6560,ywaC_2021,SP181
6561,zG2S_2021,SP182
6562,8J32_2021,SP183
6563,KRpq_2021,SP184
6564,BYhG_2021,SP185
6565,OfS3_2021,SP186
6566,8QWF_2021,SP187
6567,mQiL_2021,SP188
6568,uUKU_2021,SP189
6569,ldUE_2021,SP190
6570,1UFp_2021,SP191
6571,akee_2021,SP192
6572,bdNc_2021,SP193
6573,X13g_2021,SP194
6574,3XM2_2021,SP195
6575,ebBw_2021,SP196
6576,Uivv_2021,SP197
6577,Bii1_2021,SP198
6578,MIPo_2021,SP199
6579,kgzH_2021,SP200
6580,ib6t_2021,SP201
6581,quGp_2021,SP202
6582,BqEI_2021,SP203
6583,kl1w_2021,SP204
6584,Y61z_2021,SP205
6585,y2w0_2021,SP206
6586,7C6n_2021,SP207
6587,RSC8_2021,SP208
6588,QhII_2021,SP209
6589,7DXd_2021,SP210
6590,yXoM_2021,SP211
6591,KnTn_2021,SP212
6592,PiiH_2021,SP213
6593,dST6_2021,SP214
6594,lDP8_2021,SP215
6595,uRnb_2021,SP216
6596,I5YS_2021,SP217
6597,0dI4_2021,SP218
6598,yizr_2021,SP219
6599,P926_2021,SP220
6600,Q87Y_2021,SP221
6601,E0wK_2021,SP222
6602,sgIl_2021,SP223
6603,dGnC_2021,SP224
6604,k5yH_2021,SP225
,oEex_2021,
